name,url,description,test_type,category
.NET Framework 4.5,https://www.shl.com/products/product-catalog/view/net-framework-4-5,Outdated browser detectedWe recommend upgrading to a modern browser.If you choose to continue with your current browser we cannot guarantee your experience.I understand and wish to continueLatest browser options,General,HomeProductsProduct Catalog
.NET MVC (New),https://www.shl.com/products/product-catalog/view/net-mvc-new,Outdated browser detectedWe recommend upgrading to a modern browser.If you choose to continue with your current browser we cannot guarantee your experience.I understand and wish to continueLatest browser options,General,HomeProductsProduct Catalog
.NET MVVM (New),https://www.shl.com/products/product-catalog/view/net-mvvm-new,Outdated browser detectedWe recommend upgrading to a modern browser.If you choose to continue with your current browser we cannot guarantee your experience.I understand and wish to continueLatest browser options,General,HomeProductsProduct Catalog
.NET WCF (New),https://www.shl.com/products/product-catalog/view/net-wcf-new,Outdated browser detectedWe recommend upgrading to a modern browser.If you choose to continue with your current browser we cannot guarantee your experience.I understand and wish to continueLatest browser options,General,HomeProductsProduct Catalog
.NET WPF (New),https://www.shl.com/products/product-catalog/view/net-wpf-new,Outdated browser detectedWe recommend upgrading to a modern browser.If you choose to continue with your current browser we cannot guarantee your experience.I understand and wish to continueLatest browser options,General,HomeProductsProduct Catalog
.NET XAML (New),https://www.shl.com/products/product-catalog/view/net-xaml-new,Outdated browser detectedWe recommend upgrading to a modern browser.If you choose to continue with your current browser we cannot guarantee your experience.I understand and wish to continueLatest browser options,General,HomeProductsProduct Catalog
ADO.NET (New),https://www.shl.com/products/product-catalog/view/ado-net-new,Outdated browser detectedWe recommend upgrading to a modern browser.If you choose to continue with your current browser we cannot guarantee your experience.I understand and wish to continueLatest browser options,General,HomeProductsProduct Catalog
Account Manager Solution,https://www.shl.com/products/product-catalog/view/account-manager-solution,Outdated browser detectedWe recommend upgrading to a modern browser.If you choose to continue with your current browser we cannot guarantee your experience.I understand and wish to continueLatest browser options,General,HomeProductsProduct Catalog
Accounts Payable (New),https://www.shl.com/products/product-catalog/view/accounts-payable-new,Outdated browser detectedWe recommend upgrading to a modern browser.If you choose to continue with your current browser we cannot guarantee your experience.I understand and wish to continueLatest browser options,General,HomeProductsProduct Catalog
Accounts Payable Simulation (New),https://www.shl.com/products/product-catalog/view/accounts-payable-simulation-new,Outdated browser detectedWe recommend upgrading to a modern browser.If you choose to continue with your current browser we cannot guarantee your experience.I understand and wish to continueLatest browser options,General,HomeProductsProduct Catalog
Accounts Receivable (New),https://www.shl.com/products/product-catalog/view/accounts-receivable-new,Outdated browser detectedWe recommend upgrading to a modern browser.If you choose to continue with your current browser we cannot guarantee your experience.I understand and wish to continueLatest browser options,General,HomeProductsProduct Catalog
Accounts Receivable Simulation (New),https://www.shl.com/products/product-catalog/view/accounts-receivable-simulation-new,Outdated browser detectedWe recommend upgrading to a modern browser.If you choose to continue with your current browser we cannot guarantee your experience.I understand and wish to continueLatest browser options,General,HomeProductsProduct Catalog
Administrative Professional - Short Form,https://www.shl.com/products/product-catalog/view/administrative-professional-short-form,Outdated browser detectedWe recommend upgrading to a modern browser.If you choose to continue with your current browser we cannot guarantee your experience.I understand and wish to continueLatest browser options,General,HomeProductsProduct Catalog
Agency Manager Solution,https://www.shl.com/products/product-catalog/view/agency-manager-solution,Outdated browser detectedWe recommend upgrading to a modern browser.If you choose to continue with your current browser we cannot guarantee your experience.I understand and wish to continueLatest browser options,General,HomeProductsProduct Catalog
Apprentice + 8.0 Job Focused Assessment,https://www.shl.com/products/product-catalog/view/apprentice-8-0-job-focused-assessment-4261,Outdated browser detectedWe recommend upgrading to a modern browser.If you choose to continue with your current browser we cannot guarantee your experience.I understand and wish to continueLatest browser options,General,HomeProductsProduct Catalog
Apprentice 8.0 Job Focused Assessment,https://www.shl.com/products/product-catalog/view/apprentice-8-0-job-focused-assessment,Outdated browser detectedWe recommend upgrading to a modern browser.If you choose to continue with your current browser we cannot guarantee your experience.I understand and wish to continueLatest browser options,General,HomeProductsProduct Catalog
Bank Administrative Assistant - Short Form,https://www.shl.com/products/product-catalog/view/bank-administrative-assistant-short-form,Outdated browser detectedWe recommend upgrading to a modern browser.If you choose to continue with your current browser we cannot guarantee your experience.I understand and wish to continueLatest browser options,General,HomeProductsProduct Catalog
Bank Collections Agent - Short Form,https://www.shl.com/products/product-catalog/view/bank-collections-agent-short-form,Outdated browser detectedWe recommend upgrading to a modern browser.If you choose to continue with your current browser we cannot guarantee your experience.I understand and wish to continueLatest browser options,General,HomeProductsProduct Catalog
Bank Operations Supervisor - Short Form,https://www.shl.com/products/product-catalog/view/bank-operations-supervisor-short-form,Outdated browser detectedWe recommend upgrading to a modern browser.If you choose to continue with your current browser we cannot guarantee your experience.I understand and wish to continueLatest browser options,General,HomeProductsProduct Catalog
Bilingual Spanish Reservation Agent Solution,https://www.shl.com/products/product-catalog/view/bilingual-spanish-reservation-agent-solution,Outdated browser detectedWe recommend upgrading to a modern browser.If you choose to continue with your current browser we cannot guarantee your experience.I understand and wish to continueLatest browser options,General,HomeProductsProduct Catalog
"Bookkeeping, Accounting, Auditing Clerk Short Form",https://www.shl.com/products/product-catalog/view/bookkeeping-accounting-auditing-clerk-short-form,Outdated browser detectedWe recommend upgrading to a modern browser.If you choose to continue with your current browser we cannot guarantee your experience.I understand and wish to continueLatest browser options,General,HomeProductsProduct Catalog
Branch Manager - Short Form,https://www.shl.com/products/product-catalog/view/branch-manager-short-form,Outdated browser detectedWe recommend upgrading to a modern browser.If you choose to continue with your current browser we cannot guarantee your experience.I understand and wish to continueLatest browser options,General,HomeProductsProduct Catalog
Cashier Solution,https://www.shl.com/products/product-catalog/view/cashier-solution,Outdated browser detectedWe recommend upgrading to a modern browser.If you choose to continue with your current browser we cannot guarantee your experience.I understand and wish to continueLatest browser options,General,HomeProductsProduct Catalog
Global Skills Development Report,https://www.shl.com/products/product-catalog/view/global-skills-development-report,Outdated browser detectedWe recommend upgrading to a modern browser.If you choose to continue with your current browser we cannot guarantee your experience.I understand and wish to continueLatest browser options,K,HomeProductsProduct Catalog
